player,percentage_service,games_won_service,games_total_service,matches,surface,percentage_return,games_won_return,games_total_return
Roger Federer,88.77,"15,851","17,856","1,391",All,26.70,"4,662","17,461"
Pete Sampras,88.75,"9,266","10,441",792,All,24.05,"2,460","10,227"
Richard Krajicek,87.23,"6,770","7,761",606,All,21.17,"1,634","7,717"
Boris Becker,85.82,"4,697","5,473",418,All,23.63,"1,293","5,471"
Novak Djokovic,85.66,"10,508","12,267",983,All,32.12,"3,832","11,932"
Rafael Nadal,85.60,"11,060","12,921","1,091",All,33.43,"4,291","12,837"
Michael Stich,85.26,"4,575","5,366",417,All,23.53,"1,253","5,324"
Juan Martin del Potro,84.84,"5,977","7,045",583,All,25.62,"1,807","7,053"
Patrick Rafter,84.66,"5,532","6,534",513,All,22.52,"1,449","6,433"
Tomas Berdych,84.46,"9,646","11,421",928,All,24.05,"2,702","11,237"
Jim Courier,84.10,"5,818","6,918",546,All,26.20,"1,780","6,793"
Andre Agassi,84.04,"8,771","10,437",851,All,31.69,"3,309","10,441"
Marin Cilic,83.95,"7,453","8,878",695,All,23.10,"2,026","8,771"
Robin Soderling,83.90,"4,785","5,703",463,All,24.12,"1,350","5,597"
Mario Ancic,83.82,"3,388","4,042",318,All,22.14,883,"3,989"
Todd Martin,83.57,"6,565","7,856",593,All,22.37,"1,745","7,801"
Grigor Dimitrov,82.96,"4,859","5,857",459,All,21.18,"1,219","5,755"
Fernando Gonzalez,82.88,"5,747","6,934",539,All,22.30,"1,548","6,942"
Stan Wawrinka,82.57,"8,073","9,777",738,All,22.92,"2,204","9,616"
Stefan Edberg,82.56,"4,501","5,452",439,All,30.31,"1,655","5,460"
Nicolas Almagro,82.51,"6,777","8,214",662,All,21.92,"1,791","8,170"
Dominic Thiem,82.51,"3,591","4,352",350,All,23.22,"1,015","4,371"
Gustavo Kuerten,82.46,"5,312","6,442",511,All,24.26,"1,568","6,462"
Ivan Lendl,82.44,"2,493","3,024",246,All,28.28,857,"3,030"
Mardy Fish,82.31,"5,123","6,224",501,All,21.55,"1,331","6,175"
Richard Gasquet,82.21,"7,983","9,711",800,All,25.15,"2,400","9,542"
Marat Safin,82.16,"7,037","8,565",649,All,22.37,"1,916","8,566"
Andy Murray,81.92,"8,409","10,265",821,All,31.84,"3,238","10,169"
Philipp Kohlschreiber,81.74,"7,652","9,361",775,All,22.33,"2,110","9,448"
Magnus Larsson,81.72,"4,816","5,893",466,All,21.53,"1,270","5,899"
Alexander Zverev,81.72,"2,736","3,348",265,All,24.33,814,"3,345"
Tommy Haas,81.63,"8,841","10,830",867,All,23.45,"2,495","10,638"
Tim Henman,81.22,"7,492","9,224",720,All,25.77,"2,348","9,113"
Jan-Michael Gambill,81.17,"3,844","4,736",389,All,20.61,961,"4,662"
Radek Stepanek,80.86,"6,544","8,093",658,All,22.68,"1,844","8,130"
Javier Frana,80.80,"2,218","2,745",217,All,22.14,612,"2,764"
Gael Monfils,80.69,"6,992","8,665",693,All,25.19,"2,187","8,681"
Thomas Johansson,80.60,"6,183","7,671",618,All,22.16,"1,713","7,729"
Fernando Verdasco,80.55,"9,218","11,444",909,All,24.08,"2,763","11,473"
Kei Nishikori,80.55,"5,271","6,544",545,All,27.13,"1,784","6,576"
Janko Tipsarevic,80.28,"4,768","5,939",482,All,21.20,"1,262","5,953"
Lleyton Hewitt,80.22,"8,390","10,459",819,All,29.95,"3,153","10,526"
MaliVai Washington,80.22,"3,639","4,536",375,All,25.67,"1,161","4,522"
Roberto Bautista Agut,79.99,"3,918","4,898",397,All,26.34,"1,264","4,798"
Marcos Baghdatis,79.92,"5,949","7,444",595,All,22.74,"1,697","7,461"
Carlos Moya,79.76,"8,495","10,651",856,All,25.32,"2,704","10,679"
Thomas Enqvist,79.72,"6,912","8,670",705,All,26.27,"2,233","8,501"
Wayne Ferreira,79.70,"7,876","9,882",774,All,24.47,"2,422","9,899"
Juan Carlos Ferrero,79.69,"7,055","8,853",709,All,26.64,"2,371","8,901"
James Blake,79.69,"5,874","7,371",591,All,24.93,"1,820","7,299"
Taylor Dent,79.59,"2,745","3,449",283,All,21.69,739,"3,407"
Thomas Muster,79.52,"5,575","7,011",595,All,31.66,"2,235","7,059"
Paradorn Srichaphan,79.51,"3,819","4,803",397,All,21.08,"1,003","4,759"
Igor Andreev,79.50,"4,385","5,516",442,All,21.41,"1,182","5,521"
Marcelo Rios,79.49,"4,993","6,281",540,All,28.74,"1,811","6,302"
Alexandr Dolgopolov,79.44,"3,973","5,001",412,All,21.87,"1,097","5,016"
David Wheaton,79.41,"3,189","4,016",313,All,23.03,927,"4,026"
Jakob Hlasek,79.37,"2,947","3,713",301,All,21.90,813,"3,713"
Cedric Pioline,79.15,"6,395","8,080",636,All,23.65,"1,897","8,020"
Karel Novacek,79.15,"2,961","3,741",308,All,24.37,916,"3,759"
Pablo Cuevas,79.14,"3,342","4,223",349,All,21.05,894,"4,248"
Yevgeny Kafelnikov,78.99,"8,198","10,379",837,All,27.61,"2,812","10,183"
Michael Chang,78.90,"7,416","9,399",773,All,31.64,"2,921","9,232"
Agustin Calleri,78.82,"3,636","4,613",382,All,24.12,"1,123","4,656"
Sebastien Grosjean,78.69,"5,568","7,076",558,All,26.71,"1,883","7,051"
Tommy Robredo,78.41,"8,338","10,634",871,All,25.49,"2,729","10,706"
Richard Fromberg,78.30,"4,365","5,575",439,All,21.03,"1,165","5,540"
Paul-Henri Mathieu,78.19,"5,431","6,946",569,All,21.46,"1,467","6,835"
Xavier Malisse,78.18,"5,170","6,613",546,All,24.13,"1,606","6,655"
Nicolas Kiefer,78.01,"5,707","7,316",612,All,25.49,"1,835","7,199"
Chris Woodruff,78.00,"2,056","2,636",208,All,24.31,642,"2,641"
Nicolas Escude,77.86,"2,715","3,487",282,All,25.04,864,"3,450"
Robby Ginepri,77.72,"3,775","4,857",390,All,22.89,"1,105","4,828"
Robin Haase,77.69,"4,199","5,405",430,All,20.63,"1,120","5,430"
Petr Korda,77.64,"4,931","6,351",512,All,28.46,"1,790","6,290"
David Goffin,77.63,"3,356","4,323",356,All,27.44,"1,199","4,370"
Amos Mansdorf,77.63,"1,971","2,539",212,All,24.99,632,"2,529"
Albert Costa,77.61,"5,980","7,705",638,All,26.74,"2,052","7,675"
Jurgen Melzer,77.59,"6,061","7,812",631,All,22.64,"1,776","7,843"
David Ferrer,77.56,"9,933","12,807","1,069",All,31.43,"3,983","12,671"
Jose Acasuso,77.54,"3,224","4,158",366,All,22.93,960,"4,187"
Magnus Norman,77.51,"3,708","4,784",402,All,25.50,"1,220","4,784"
Nikolay Davydenko,77.44,"7,114","9,187",787,All,29.94,"2,768","9,246"
Brett Steven,77.39,"2,718","3,512",289,All,24.23,838,"3,458"
Mikhail Youzhny,77.37,"8,395","10,851",882,All,25.32,"2,741","10,825"
Arnaud Boetsch,77.34,"3,474","4,492",382,All,25.73,"1,156","4,492"
Mariano Puerta,77.32,"2,121","2,743",238,All,22.26,610,"2,740"
David Nalbandian,77.30,"5,274","6,823",544,All,30.12,"2,060","6,840"
Jason Stoltenberg,77.15,"4,146","5,374",440,All,25.86,"1,381","5,341"
Guillermo Canas,76.87,"4,075","5,301",437,All,27.73,"1,484","5,352"
Viktor Troicki,76.78,"4,830","6,291",526,All,23.32,"1,476","6,330"
Sandon Stolle,76.75,"2,040","2,658",212,All,21.59,573,"2,654"
Thomaz Bellucci,76.73,"3,631","4,732",380,All,21.73,"1,039","4,781"
Paul Haarhuis,76.70,"3,969","5,175",428,All,23.41,"1,209","5,164"
Santiago Giraldo,76.70,"2,962","3,862",324,All,20.93,816,"3,899"
Mark Woodforde,76.69,"3,978","5,187",423,All,24.50,"1,263","5,156"
Andrei Pavel,76.68,"4,528","5,905",492,All,24.04,"1,423","5,920"
Richey Reneberg,76.63,"3,590","4,685",389,All,26.00,"1,211","4,657"
Alex Corretja,76.57,"6,536","8,536",698,All,28.61,"2,405","8,407"
Pablo Carreno Busta,76.47,"2,571","3,362",276,All,25.10,844,"3,362"
Jiri Novak,76.44,"5,216","6,824",568,All,27.81,"1,913","6,880"
Gilles Simon,76.43,"7,371","9,644",779,All,26.91,"2,572","9,558"
Julien Benneteau,76.40,"5,305","6,944",563,All,22.00,"1,539","6,996"
Sjeng Schalken,76.35,"4,917","6,440",531,All,25.09,"1,627","6,484"
Andrei Medvedev,76.34,"4,713","6,174",498,All,27.82,"1,732","6,226"
Andreas Seppi,76.27,"6,655","8,726",703,All,23.18,"2,045","8,822"
Magnus Gustafsson,76.24,"4,581","6,009",506,All,30.24,"1,834","6,065"
Jarkko Nieminen,76.16,"6,489","8,520",693,All,24.67,"2,096","8,495"
Nicklas Kulti,76.14,"2,579","3,387",275,All,21.71,745,"3,431"
Albert Ramos-Vinolas,76.13,"3,608","4,739",390,All,22.45,"1,074","4,784"
Potito Starace,76.08,"3,015","3,963",339,All,21.11,844,"3,998"
Dominik Hrbaty,75.99,"5,814","7,651",628,All,25.96,"1,986","7,650"
Arnaud Clement,75.93,"5,824","7,670",615,All,23.49,"1,782","7,585"
Brad Gilbert,75.92,"2,062","2,716",218,All,26.59,713,"2,681"
Sergi Bruguera,75.84,"4,960","6,540",567,All,31.49,"2,032","6,453"
Florian Mayer,75.77,"4,218","5,567",484,All,23.14,"1,305","5,640"
Emilio Sanchez,75.71,"2,519","3,327",281,All,23.96,788,"3,289"
Alexander Volkov,75.68,"3,656","4,831",384,All,25.59,"1,232","4,814"
Adrian Mannarino,75.44,"3,314","4,393",362,All,22.02,973,"4,419"
Jonas Bjorkman,75.40,"6,724","8,918",733,All,26.55,"2,371","8,929"
David Prinosil,75.40,"3,417","4,532",374,All,21.59,973,"4,507"
Nicolas Massu,75.38,"3,958","5,251",450,All,24.59,"1,303","5,298"
Nicolas Lapentti,75.35,"5,196","6,896",557,All,24.05,"1,659","6,898"
Joao Sousa,75.29,"3,066","4,072",330,All,21.67,887,"4,093"
Mariano Zabaleta,75.18,"3,625","4,822",403,All,24.71,"1,202","4,864"
Martin Klizan,75.17,"2,292","3,049",249,All,23.30,714,"3,064"
Guillermo Coria,75.10,"2,866","3,816",323,All,35.26,"1,352","3,834"
Aaron Krickstein,74.81,"2,180","2,914",233,All,28.45,813,"2,858"
Albert Montanes,74.61,"4,625","6,199",542,All,22.44,"1,405","6,261"
Felix Mantilla,74.57,"4,624","6,201",526,All,29.32,"1,815","6,190"
Rafael Nadal,84.72,"3,969","4,685",432,Clay,42.94,"1,994","4,644"
Roger Federer,84.60,"2,879","3,403",265,Clay,28.24,941,"3,332"
Nicolas Almagro,82.43,"3,942","4,782",415,Clay,25.46,"1,206","4,737"
Jim Courier,82.00,"1,189","1,450",108,Clay,31.25,441,"1,411"
Novak Djokovic,81.67,"2,428","2,973",238,Clay,35.19,"1,017","2,890"
Dominic Thiem,81.58,"1,422","1,743",147,Clay,28.46,496,"1,743"
Juan Martin del Potro,81.55,"1,012","1,241",103,Clay,29.36,362,"1,233"
Fernando Gonzalez,81.24,"2,182","2,686",225,Clay,27.05,724,"2,677"
Marin Cilic,81.13,"1,612","1,987",168,Clay,26.33,519,"1,971"
Tomas Berdych,81.08,"2,224","2,743",230,Clay,26.93,728,"2,703"
Stan Wawrinka,81.02,"2,569","3,171",249,Clay,26.74,832,"3,112"
Michael Stich,80.74,"1,140","1,412",110,Clay,27.64,388,"1,404"
Javier Frana,80.49,751,933,78,Clay,25.48,238,934
Kei Nishikori,80.47,"1,121","1,393",116,Clay,30.74,426,"1,386"
Gustavo Kuerten,80.11,"2,396","2,991",244,Clay,30.64,918,"2,996"
Robin Soderling,79.67,"1,289","1,618",133,Clay,28.63,452,"1,579"
Stefan Edberg,79.06,827,"1,046",86,Clay,32.10,337,"1,050"
Agustin Calleri,78.98,"1,984","2,512",223,Clay,27.45,694,"2,528"
Thomas Muster,78.85,"3,265","4,141",359,Clay,37.08,"1,550","4,180"
Federico Delbonis,78.69,"1,407","1,788",154,Clay,24.76,442,"1,785"
Carlos Moya,78.67,"4,200","5,339",455,Clay,30.08,"1,605","5,336"
Todd Martin,78.67,"1,007","1,280",106,Clay,24.94,320,"1,283"
Radek Stepanek,78.66,"1,626","2,067",173,Clay,24.82,518,"2,087"
Philipp Kohlschreiber,78.60,"2,513","3,197",276,Clay,26.01,837,"3,218"
Richard Gasquet,78.55,"1,966","2,503",208,Clay,29.70,728,"2,451"
Tommy Haas,78.32,"2,052","2,620",217,Clay,25.97,663,"2,553"
Marat Safin,78.31,"1,932","2,467",186,Clay,26.39,654,"2,478"
Fernando Verdasco,78.28,"3,305","4,222",353,Clay,28.44,"1,204","4,233"
Karel Novacek,78.11,"1,488","1,905",162,Clay,28.27,541,"1,914"
Igor Andreev,78.07,"1,919","2,458",207,Clay,25.26,618,"2,447"
Juan Carlos Ferrero,78.04,"2,986","3,826",327,Clay,33.73,"1,295","3,839"
Jose Acasuso,77.88,"2,017","2,590",240,Clay,27.31,712,"2,607"
Magnus Larsson,77.88,"1,602","2,057",165,Clay,24.66,507,"2,056"
MaliVai Washington,77.85,601,772,66,Clay,25.71,199,774
Alexander Zverev,77.82,765,983,80,Clay,29.02,285,982
Mariano Puerta,77.80,"1,591","2,045",182,Clay,25.47,517,"2,030"
Andre Agassi,77.75,"1,279","1,645",130,Clay,34.87,574,"1,646"
Albert Costa,77.68,"3,630","4,673",396,Clay,30.68,"1,429","4,657"
Roberto Bautista Agut,77.51,979,"1,263",104,Clay,28.21,347,"1,230"
Mario Ancic,77.14,567,735,58,Clay,27.03,196,725
Tommy Robredo,77.01,"3,474","4,511",387,Clay,31.20,"1,411","4,523"
Gael Monfils,76.93,"1,877","2,440",194,Clay,28.47,694,"2,438"
Jason Stoltenberg,76.73,765,997,83,Clay,29.60,293,990
Andy Murray,76.70,"1,412","1,841",142,Clay,33.37,609,"1,825"
Boris Becker,76.69,704,918,76,Clay,27.80,256,921
Sergi Bruguera,76.39,"2,818","3,689",334,Clay,36.55,"1,321","3,614"
Thomaz Bellucci,76.28,"1,917","2,513",208,Clay,24.74,625,"2,526"
Alex Corretja,75.99,"3,840","5,053",426,Clay,32.74,"1,622","4,954"
Albert Ramos-Vinolas,75.97,"2,052","2,701",232,Clay,26.27,715,"2,722"
Marcelo Rios,75.88,"2,117","2,790",242,Clay,31.96,891,"2,788"
David Ferrer,75.70,"3,869","5,111",452,Clay,35.48,"1,783","5,025"
Mariano Zabaleta,75.45,"2,367","3,137",268,Clay,28.20,889,"3,153"
Albert Montanes,75.42,"3,329","4,414",398,Clay,25.60,"1,138","4,445"
Guillermo Canas,75.22,"1,791","2,381",207,Clay,31.25,751,"2,403"
Pablo Carreno Busta,75.20,"1,240","1,649",140,Clay,28.02,459,"1,638"
David Goffin,75.19,891,"1,185",92,Clay,31.20,375,"1,202"
Wayne Ferreira,75.17,"1,411","1,877",145,Clay,26.45,496,"1,875"
Nikolay Davydenko,75.08,"2,485","3,310",292,Clay,33.33,"1,105","3,315"
Andrei Medvedev,75.03,"2,188","2,916",240,Clay,32.31,948,"2,934"
Magnus Norman,75.00,"1,488","1,984",173,Clay,30.19,599,"1,984"
James Blake,74.83,862,"1,152",90,Clay,25.28,289,"1,143"
Tim Henman,74.77,"1,046","1,399",107,Clay,28.07,393,"1,400"
Martin Klizan,74.72,934,"1,250",104,Clay,28.17,349,"1,239"
Juan Monaco,74.60,"3,020","4,048",360,Clay,32.58,"1,320","4,052"
Alberto Mancini,74.51,652,875,75,Clay,26.08,229,878
Jurgen Melzer,74.48,"1,917","2,574",220,Clay,26.84,689,"2,567"
David Nalbandian,74.46,"1,694","2,275",192,Clay,33.67,766,"2,275"
Guillermo Coria,74.45,"1,617","2,172",189,Clay,39.85,870,"2,183"
Felix Mantilla,74.43,"3,004","4,036",357,Clay,33.37,"1,344","4,027"
Michael Chang,74.40,"1,183","1,590",122,Clay,33.16,520,"1,568"
Magnus Gustafsson,74.27,"2,205","2,969",259,Clay,34.75,"1,035","2,978"
Paul-Henri Mathieu,74.27,"1,842","2,480",211,Clay,27.10,658,"2,428"
Nicolas Lapentti,74.20,"2,548","3,434",290,Clay,26.80,919,"3,429"
Andrei Pavel,74.09,"1,544","2,084",182,Clay,28.65,598,"2,087"
Emilio Sanchez,73.95,"1,536","2,077",179,Clay,26.44,541,"2,046"
Nicolas Massu,73.86,"2,207","2,988",267,Clay,27.82,837,"3,009"
Mikhail Youzhny,73.81,"2,249","3,047",253,Clay,26.32,805,"3,058"
Viktor Troicki,73.77,"1,156","1,567",131,Clay,27.16,428,"1,576"
Cedric Pioline,73.69,"1,728","2,345",190,Clay,28.86,669,"2,318"
Sebastien Grosjean,73.63,"1,251","1,699",139,Clay,30.15,512,"1,698"
Bernd Karbacher,73.53,"1,239","1,685",139,Clay,26.37,438,"1,661"
Fernando Meligeni,73.47,"2,318","3,155",273,Clay,29.90,944,"3,157"
Mark Woodforde,73.24,613,837,63,Clay,26.03,215,826
Yevgeny Kafelnikov,73.19,"2,067","2,824",224,Clay,30.04,829,"2,760"
Lleyton Hewitt,73.18,"1,329","1,816",138,Clay,33.04,606,"1,834"
Jiri Novak,73.11,"1,860","2,544",218,Clay,30.43,778,"2,557"
Filip Dewulf,73.03,734,"1,005",83,Clay,26.46,268,"1,013"
Javier Sanchez,73.01,"2,364","3,238",284,Clay,28.34,922,"3,253"
Gaston Gaudio,72.99,"2,578","3,532",304,Clay,33.85,"1,201","3,548"
Guillermo Garcia-Lopez,72.96,"2,337","3,203",269,Clay,26.90,866,"3,219"
Andreas Seppi,72.95,"2,004","2,747",232,Clay,26.80,746,"2,784"
Alberto Berasategui,72.93,"3,061","4,197",366,Clay,35.16,"1,470","4,181"
Dominik Hrbaty,72.89,"2,027","2,781",235,Clay,28.19,781,"2,770"
Karim Alami,72.68,"1,729","2,379",213,Clay,26.74,642,"2,401"
Claudio Mezzadri,72.61,448,617,53,Clay,25.98,159,612
Carlos Costa,72.59,"2,344","3,229",289,Clay,35.33,"1,140","3,227"
Pablo Andujar,72.57,"1,476","2,034",181,Clay,29.17,596,"2,043"
Juan Ignacio Chela,72.46,"2,670","3,685",324,Clay,32.31,"1,198","3,708"
Arnaud Boetsch,72.30,809,"1,119",94,Clay,29.74,334,"1,123"
Andrea Gaudenzi,72.14,"2,217","3,073",275,Clay,31.18,974,"3,124"
Galo Blanco,72.14,"1,921","2,663",236,Clay,25.04,670,"2,676"
Hernan Gumy,72.08,"1,304","1,809",161,Clay,30.13,551,"1,829"
Florian Mayer,72.02,"1,511","2,098",187,Clay,28.11,594,"2,113"
Julian Alonso,71.92,643,894,78,Clay,27.31,242,886
Jarkko Nieminen,71.85,"1,575","2,192",183,Clay,28.40,620,"2,183"
Francisco Clavet,71.83,"3,356","4,672",415,Clay,32.18,"1,522","4,730"
Jordi Burillo,71.65,"1,175","1,640",147,Clay,28.17,466,"1,654"
Gabriel Markus,71.64,672,938,79,Clay,27.81,265,953
Fabio Fognini,71.57,"2,615","3,654",313,Clay,30.22,"1,110","3,673"
Franco Squillari,71.56,"1,827","2,553",225,Clay,30.37,772,"2,542"
Mikhail Kukushkin,71.54,626,875,74,Clay,24.58,217,883
Gilles Simon,71.52,"2,032","2,841",235,Clay,30.87,868,"2,812"
Benoit Paire,71.52,"1,155","1,615",131,Clay,27.39,444,"1,621"
Andy Roddick,92.76,"1,410","1,520",103,Grass,17.13,257,"1,500"
Pete Sampras,92.66,"1,478","1,595",105,Grass,21.63,337,"1,558"
Roger Federer,92.58,"2,682","2,897",200,Grass,24.01,682,"2,841"
Jo-Wilfried Tsonga,91.26,971,"1,064",66,Grass,17.11,181,"1,058"
Richard Krajicek,90.56,"1,170","1,292",88,Grass,19.11,246,"1,287"
Michael Stich,90.30,763,845,58,Grass,20.05,167,833
Rafael Nadal,89.59,"1,222","1,364",85,Grass,22.72,307,"1,351"
Mario Ancic,89.56,678,757,53,Grass,20.24,151,746
Tomas Berdych,89.27,"1,315","1,473",97,Grass,18.14,263,"1,450"
Novak Djokovic,89.12,"1,442","1,618",106,Grass,25.88,412,"1,592"
Andy Murray,88.89,"1,528","1,719",121,Grass,26.54,452,"1,703"
Boris Becker,88.56,844,953,62,Grass,22.16,209,943
Marin Cilic,88.40,"1,235","1,397",91,Grass,18.10,249,"1,376"
Patrick Rafter,88.06,"1,099","1,248",87,Grass,22.23,273,"1,228"
Richard Gasquet,88.01,"1,182","1,343",97,Grass,21.57,283,"1,312"
Juan Martin del Potro,87.92,706,803,56,Grass,21.68,173,798
Andre Agassi,87.52,968,"1,106",66,Grass,25.79,286,"1,109"
Nicolas Mahut,87.28,"1,221","1,399",105,Grass,18.25,253,"1,386"
Michael Llodra,87.16,794,911,72,Grass,19.96,178,892
Philipp Kohlschreiber,86.93,"1,071","1,232",93,Grass,17.10,212,"1,240"
Todd Martin,86.83,"1,055","1,215",77,Grass,20.80,251,"1,207"
Mardy Fish,86.83,798,919,72,Grass,18.82,173,919
Max Mirnyi,86.22,638,740,55,Grass,17.65,131,742
Henri Leconte,86.14,317,368,27,Grass,23.24,86,370
Fernando Verdasco,86.10,"1,096","1,273",84,Grass,17.52,223,"1,273"
Tommy Haas,86.08,"1,138","1,322",90,Grass,17.44,226,"1,296"
Robin Soderling,85.80,586,683,43,Grass,18.36,125,681
Marat Safin,85.74,589,687,43,Grass,17.69,121,684
Grigor Dimitrov,85.63,691,807,59,Grass,19.26,152,789
Javier Frana,85.63,608,710,53,Grass,20.48,146,713
Jan-Michael Gambill,85.40,538,630,44,Grass,17.81,112,629
Lleyton Hewitt,85.29,"1,740","2,040",149,Grass,26.71,547,"2,048"
Steve Johnson,85.23,531,623,47,Grass,18.11,111,613
Stefan Edberg,85.20,570,669,46,Grass,28.01,186,664
Alexander Zverev,85.10,394,463,33,Grass,22.20,103,464
Cedric Pioline,84.86,891,"1,050",72,Grass,19.67,204,"1,037"
Taylor Dent,84.85,577,680,50,Grass,19.35,131,677
Petr Korda,84.50,496,587,39,Grass,23.84,139,583
Gael Monfils,84.47,767,908,64,Grass,18.04,164,909
Benjamin Becker,84.38,724,858,66,Grass,18.20,158,868
Janko Tipsarevic,84.33,818,970,69,Grass,16.87,164,972
Sergiy Stakhovsky,84.26,546,648,49,Grass,17.54,114,650
Sandon Stolle,84.24,540,641,47,Grass,20.87,135,647
Radek Stepanek,84.23,897,"1,065",72,Grass,20.00,213,"1,065"
Magnus Larsson,84.20,517,614,42,Grass,19.64,121,616
MaliVai Washington,84.18,463,550,39,Grass,20.40,111,544
Daniil Medvedev,84.06,232,276,22,Grass,21.82,60,275
Marcos Baghdatis,84.03,"1,031","1,227",93,Grass,21.34,264,"1,237"
Kenneth Carlsen,84.02,799,951,68,Grass,16.74,161,962
Juan Carlos Ferrero,83.83,643,767,47,Grass,20.05,154,768
Tim Henman,83.77,"1,461","1,744",110,Grass,24.51,423,"1,726"
Sebastien Grosjean,83.70,842,"1,006",73,Grass,25.13,250,995
Jens Knippschild,83.66,256,306,22,Grass,18.33,57,311
Jim Courier,83.61,505,604,38,Grass,21.25,126,593
Wally Masur,83.53,492,589,42,Grass,20.69,120,580
Xavier Malisse,83.44,917,"1,099",79,Grass,23.45,258,"1,100"
David Prinosil,83.38,637,764,59,Grass,19.81,149,752
Wayne Ferreira,83.37,"1,138","1,365",93,Grass,24.41,333,"1,364"
Lukasz Kubot,83.33,310,372,24,Grass,18.92,70,370
Kei Nishikori,83.31,639,767,57,Grass,22.18,171,771
David Wheaton,83.29,698,838,60,Grass,21.97,183,833
Thomas Enqvist,83.25,517,621,40,Grass,21.34,131,614
Yevgeny Kafelnikov,83.21,758,911,62,Grass,23.72,213,898
Florian Mayer,83.20,723,869,64,Grass,17.71,155,875
Thomas Johansson,83.14,853,"1,026",72,Grass,21.07,216,"1,025"
Henrik Holm,82.90,349,421,31,Grass,18.47,77,417
Leander Paes,82.90,320,386,31,Grass,21.56,83,385
Jakob Hlasek,82.84,338,408,29,Grass,21.31,88,413
Pat Cash,82.83,164,198,15,Grass,20.20,40,198
Olivier Delaitre,82.77,197,238,15,Grass,18.88,44,233
Martin Damm,82.59,479,580,44,Grass,18.89,109,577
David Ferrer,82.52,864,"1,047",70,Grass,24.66,256,"1,038"
Nicolas Kiefer,82.46,832,"1,009",74,Grass,23.62,235,995
Sjeng Schalken,82.42,853,"1,035",76,Grass,23.97,251,"1,047"
Alexander Popp,82.36,453,550,38,Grass,23.13,130,562
David Goffin,82.35,336,408,30,Grass,20.05,83,414
Dmitry Tursunov,82.32,801,973,65,Grass,17.57,168,956
Marcel Granollers,82.28,390,474,32,Grass,18.37,88,479
Roberto Bautista Agut,82.19,397,483,35,Grass,23.04,109,473
Rainer Schuettler,82.05,919,"1,120",79,Grass,21.89,241,"1,101"
Gilles Elseneer,81.98,232,283,20,Grass,19.29,54,280
Andrei Olhovskiy,81.78,431,527,37,Grass,18.15,96,529
Alex O'Brien,81.72,389,476,31,Grass,17.99,86,478
Jurgen Melzer,81.63,871,"1,067",71,Grass,18.86,202,"1,071"
Gilles Simon,81.61,883,"1,082",75,Grass,20.98,227,"1,082"
Christian Saceanu,81.59,257,315,22,Grass,17.61,56,318
Arnaud Boetsch,81.55,389,477,33,Grass,17.95,86,479
Andreas Seppi,81.53,"1,055","1,294",97,Grass,21.17,274,"1,294"
Andrei Medvedev,81.50,414,508,33,Grass,18.13,93,513
Alex Antonitsch,81.45,180,221,19,Grass,19.35,42,217
Philipp Petzschner,81.41,451,554,39,Grass,17.87,99,554
Guillermo Canas,81.40,512,629,44,Grass,23.15,147,635
Benoit Paire,81.29,465,572,40,Grass,20.84,119,571
Mikhail Youzhny,81.20,"1,244","1,532",107,Grass,22.69,346,"1,525"
Magnus Norman,81.19,164,202,15,Grass,20.10,41,204
Nicolas Escude,81.12,361,445,34,Grass,25.17,110,437
James Blake,81.09,639,788,58,Grass,21.15,165,780
Guillaume Raoux,81.05,462,570,44,Grass,20.04,113,564
Jason Stoltenberg,80.98,809,999,73,Grass,26.21,259,988
Mark Woodforde,80.98,630,778,54,Grass,20.88,161,771
Julien Benneteau,80.90,860,"1,063",76,Grass,18.35,196,"1,068"
Edouard Roger-Vasselin,80.89,402,497,35,Grass,18.35,91,496
Tommy Robredo,80.88,626,774,54,Grass,17.74,138,778
Jiri Novak,80.79,391,484,34,Grass,21.88,107,489
Paradorn Srichaphan,80.76,466,577,41,Grass,18.12,104,574
Jonas Bjorkman,80.72,"1,319","1,634",121,Grass,25.86,420,"1,624"
Daniel Nestor,80.62,466,578,41,Grass,17.99,104,578
Guillermo Coria,80.59,191,237,16,Grass,24.15,57,236
Arnaud Clement,80.22,"1,002","1,249",92,Grass,21.68,268,"1,236"
Guillermo Garcia-Lopez,80.05,658,822,60,Grass,20.61,170,825
Olivier Rochus,79.74,854,"1,071",81,Grass,20.57,223,"1,084"
Fabrice Santoro,79.60,761,956,75,Grass,20.86,198,949
Adrian Mannarino,79.55,739,929,74,Grass,22.77,214,940
Pete Sampras,89.64,"5,079","5,666",438,Hard,24.83,"1,378","5,549"
Roger Federer,89.35,"9,687","10,842",868,Hard,27.20,"2,877","10,578"
Richard Krajicek,87.64,"2,986","3,407",272,Hard,22.51,763,"3,390"
Novak Djokovic,86.52,"6,553","7,574",629,Hard,32.38,"2,380","7,351"
Michael Stich,85.59,"1,568","1,832",142,Hard,24.37,444,"1,822"
Rafael Nadal,85.52,"5,819","6,804",568,Hard,29.24,"1,981","6,774"
Boris Becker,85.32,"1,557","1,825",136,Hard,24.86,455,"1,830"
Robin Soderling,85.22,"2,612","3,065",260,Hard,23.10,695,"3,009"
Andre Agassi,85.21,"5,873","6,892",584,Hard,32.36,"2,231","6,894"
Juan Martin del Potro,85.15,"4,227","4,964",421,Hard,25.32,"1,262","4,984"
Guy Forget,84.94,"1,359","1,600",123,Hard,23.29,368,"1,580"
Jim Courier,84.74,"3,315","3,912",318,Hard,26.60,"1,023","3,846"
Patrick Rafter,84.74,"3,171","3,742",303,Hard,23.30,859,"3,687"
Ivan Lendl,84.73,"1,393","1,644",134,Hard,29.38,483,"1,644"
Tomas Berdych,84.69,"5,968","7,047",589,Hard,24.15,"1,673","6,928"
Marin Cilic,83.92,"4,536","5,405",428,Hard,23.31,"1,244","5,337"
Todd Martin,83.92,"3,779","4,503",338,Hard,22.78,"1,016","4,461"
Mario Ancic,83.25,"1,874","2,251",181,Hard,21.88,488,"2,230"
Stan Wawrinka,82.94,"4,648","5,604",420,Hard,21.99,"1,210","5,502"
Alexander Zverev,82.91,"1,577","1,902",152,Hard,22.43,426,"1,899"
Marat Safin,82.85,"3,716","4,485",347,Hard,21.61,970,"4,489"
Stefan Edberg,82.79,"2,242","2,708",219,Hard,31.56,858,"2,719"
Mardy Fish,82.61,"3,700","4,479",363,Hard,22.40,992,"4,429"
Marcelo Rios,82.61,"2,433","2,945",253,Hard,26.90,796,"2,959"
Richard Gasquet,82.23,"4,687","5,700",481,Hard,24.11,"1,355","5,620"
Tommy Haas,82.05,"5,196","6,333",510,Hard,23.83,"1,489","6,248"
Gael Monfils,81.83,"4,266","5,213",425,Hard,24.91,"1,302","5,226"
Andy Murray,81.58,"5,364","6,575",547,Hard,32.91,"2,142","6,508"
Tim Henman,81.37,"3,970","4,879",398,Hard,26.35,"1,265","4,800"
Janko Tipsarevic,81.11,"2,860","3,526",292,Hard,22.06,779,"3,532"
Paradorn Srichaphan,80.92,"2,837","3,506",291,Hard,21.94,763,"3,477"
Fernando Verdasco,80.86,"4,673","5,779",457,Hard,22.53,"1,307","5,800"
Thomas Enqvist,80.77,"4,220","5,225",434,Hard,27.02,"1,382","5,114"
Roberto Bautista Agut,80.65,"2,542","3,152",258,Hard,26.11,808,"3,095"
Lleyton Hewitt,80.59,"5,133","6,369",511,Hard,30.17,"1,934","6,411"
Wayne Ferreira,80.59,"4,390","5,447",433,Hard,24.90,"1,355","5,441"
Jerome Golmard,80.50,"1,424","1,769",152,Hard,21.86,388,"1,775"
James Blake,80.48,"4,263","5,297",431,Hard,25.68,"1,346","5,241"
Juan Carlos Ferrero,80.42,"3,143","3,908",305,Hard,21.58,849,"3,935"
Andreas Vinciguerra,80.42,875,"1,088",92,Hard,21.97,243,"1,106"
Alex de Minaur,80.36,577,718,59,Hard,23.71,170,717
Radek Stepanek,80.35,"3,623","4,509",375,Hard,22.86,"1,033","4,519"
Thomas Muster,80.30,"1,651","2,056",165,Hard,26.48,546,"2,062"
Thomas Johansson,80.29,"3,429","4,271",346,Hard,22.63,980,"4,331"
Daniil Medvedev,80.15,985,"1,229",105,Hard,25.02,309,"1,235"
Kei Nishikori,80.09,"3,511","4,384",372,Hard,26.86,"1,187","4,419"
MaliVai Washington,79.79,"1,982","2,484",207,Hard,27.05,669,"2,473"
Marcos Baghdatis,79.74,"4,043","5,070",411,Hard,23.23,"1,182","5,088"
Nicolas Escude,79.72,"1,557","1,953",152,Hard,25.90,498,"1,923"
Michael Chang,79.71,"4,655","5,840",493,Hard,32.82,"1,883","5,737"
Jakob Hlasek,79.59,"1,267","1,592",131,Hard,22.10,350,"1,584"
Yevgeny Kafelnikov,79.56,"3,545","4,456",361,Hard,27.27,"1,196","4,385"
Marton Fucsovics,79.42,521,656,54,Hard,24.70,164,664
Tommy Robredo,79.40,"3,978","5,010",401,Hard,22.04,"1,115","5,060"
Robby Ginepri,79.38,"2,694","3,394",275,Hard,23.82,801,"3,363"
Cedric Pioline,79.21,"2,598","3,280",258,Hard,23.05,752,"3,263"
Taylor Dent,79.21,"1,951","2,463",207,Hard,22.31,542,"2,429"
Chris Woodruff,78.99,"1,256","1,590",128,Hard,23.23,370,"1,593"
Sebastien Grosjean,78.98,"2,968","3,758",297,Hard,26.07,979,"3,755"
David Wheaton,78.90,"1,705","2,161",173,Hard,24.09,524,"2,175"
Magnus Norman,78.74,"1,804","2,291",187,Hard,23.35,534,"2,287"
Wally Masur,78.74,"1,026","1,303",102,Hard,22.93,296,"1,291"
Xavier Malisse,78.69,"3,084","3,919",327,Hard,23.40,922,"3,940"
Alexandr Dolgopolov,78.65,"2,317","2,946",249,Hard,22.89,677,"2,958"
Pablo Carreno Busta,78.56,"1,279","1,628",130,Hard,23.12,379,"1,639"
Nikolay Davydenko,78.51,"3,897","4,964",420,Hard,28.56,"1,431","5,010"
David Nalbandian,78.50,"2,797","3,563",277,Hard,28.34,"1,014","3,578"
Amos Mansdorf,78.49,"1,303","1,660",140,Hard,27.82,459,"1,650"
Nicolas Kiefer,78.42,"3,304","4,213",356,Hard,26.22,"1,091","4,161"
David Ferrer,78.27,"5,060","6,465",531,Hard,29.68,"1,907","6,426"
Jiri Novak,78.17,"2,463","3,151",260,Hard,27.58,879,"3,187"
Petr Korda,78.05,"2,336","2,993",240,Hard,29.06,863,"2,970"
Alex Corretja,78.01,"2,310","2,961",231,Hard,23.35,685,"2,934"
David Goffin,77.99,"2,129","2,730",234,Hard,26.91,741,"2,754"
Brett Steven,77.91,"1,527","1,960",165,Hard,24.62,476,"1,933"
Arnaud Boetsch,77.89,"1,282","1,646",141,Hard,25.23,414,"1,641"
Gilles Simon,77.83,"4,361","5,603",460,Hard,26.21,"1,455","5,551"
Paul Haarhuis,77.81,"1,848","2,375",196,Hard,24.26,578,"2,383"
Mikhail Youzhny,77.80,"4,427","5,690",471,Hard,25.52,"1,442","5,651"
Guillermo Canas,77.76,"1,647","2,118",170,Hard,25.43,543,"2,135"
Jared Donaldson,77.72,757,974,81,Hard,21.78,215,987
Dominik Hrbaty,77.53,"3,006","3,877",312,Hard,25.83,"1,002","3,879"
Jarkko Nieminen,77.27,"4,072","5,270",434,Hard,24.34,"1,279","5,254"
Andreas Seppi,76.67,"3,471","4,527",360,Hard,21.75,997,"4,583"
